<?xml version="1.0" encoding="utf-8" ?>
<dwsync>
<file name=".DS_Store" server="www.kfz-meisterbetrieb-hoericke.de" local="-3721763374447460352" remote="-3721204831130484736" />
<file name="image-001.jpg" server="www.kfz-meisterbetrieb-hoericke.de" local="-3756077023521406976" remote="-3719351724497596408" />
<file name="image-002.jpg" server="www.kfz-meisterbetrieb-hoericke.de" local="-3756077040701276160" remote="-3721204831130484736" />
<file name="image-003.jpg" server="www.kfz-meisterbetrieb-hoericke.de" local="-3756077027816374272" remote="-3721204831130484736" />
<file name="image-004.jpg" server="www.kfz-meisterbetrieb-hoericke.de" local="-3756077032111341568" remote="-3721204831130484736" />
<file name="image-005.jpg" server="www.kfz-meisterbetrieb-hoericke.de" local="-3756077027816374272" remote="-3721204831130484736" />
<file name="image-006.jpg" server="www.kfz-meisterbetrieb-hoericke.de" local="-3756077036406308864" remote="-3721204831130484736" />
<file name="image-007.jpg" server="www.kfz-meisterbetrieb-hoericke.de" local="-3756077036406308864" remote="-3721204831130484736" />
<file name="image-008.jpg" server="www.kfz-meisterbetrieb-hoericke.de" local="-3756077032111341568" remote="-3721204831130484736" />
<file name="image-009.jpg" server="www.kfz-meisterbetrieb-hoericke.de" local="-3721446577659707392" remote="-3721204831130484736" />
</dwsync>