<?xml version="1.0" encoding="utf-8" ?>
<dwsync>
<file name=".DS_Store" server="www.kfz-meisterbetrieb-hoericke.de" local="-3721762738792300544" remote="-3721204831130484736" />
<file name="image-001.jpg" server="www.kfz-meisterbetrieb-hoericke.de" local="-3756077002046570496" remote="-3718566776274579448" />
<file name="image-002.jpg" server="www.kfz-meisterbetrieb-hoericke.de" local="-3756077002046570496" remote="-3721204831130484736" />
<file name="image-003.jpg" server="www.kfz-meisterbetrieb-hoericke.de" local="-3756077002046570496" remote="-3721204831130484736" />
<file name="image-004.jpg" server="www.kfz-meisterbetrieb-hoericke.de" local="-3756077002046570496" remote="-3721204831130484736" />
<file name="image-005.jpg" server="www.kfz-meisterbetrieb-hoericke.de" local="-3756077006341537792" remote="-3721204831130484736" />
<file name="image-006.jpg" server="www.kfz-meisterbetrieb-hoericke.de" local="-3756077006341537792" remote="-3721204831130484736" />
<file name="image-007.jpg" server="www.kfz-meisterbetrieb-hoericke.de" local="-3756077006341537792" remote="-3721204831130484736" />
<file name="image-008.jpg" server="www.kfz-meisterbetrieb-hoericke.de" local="-3756077006341537792" remote="-3721204831130484736" />
<file name="image-009.jpg" server="www.kfz-meisterbetrieb-hoericke.de" local="-3756077006341537792" remote="-3721204831130484736" />
<file name="image-010.jpg" server="www.kfz-meisterbetrieb-hoericke.de" local="-3756077006341537792" remote="-3721204831130484736" />
<file name="image-011.jpg" server="www.kfz-meisterbetrieb-hoericke.de" local="-3756077010636505088" remote="-3721204831130484736" />
<file name="image-012.jpg" server="www.kfz-meisterbetrieb-hoericke.de" local="-3756077010636505088" remote="-3721204831130484736" />
<file name="image-013.jpg" server="www.kfz-meisterbetrieb-hoericke.de" local="-3756077010636505088" remote="-3721204831130484736" />
<file name="image-014.jpg" server="www.kfz-meisterbetrieb-hoericke.de" local="-3756077010636505088" remote="-3721204831130484736" />
<file name="image-015.jpg" server="www.kfz-meisterbetrieb-hoericke.de" local="-3756077010636505088" remote="-3721204831130484736" />
<file name="image-016.jpg" server="www.kfz-meisterbetrieb-hoericke.de" local="-3756077014931472384" remote="-3721204831130484736" />
<file name="image-017.jpg" server="www.kfz-meisterbetrieb-hoericke.de" local="-3756077014931472384" remote="-3721204831130484736" />
<file name="image-018.jpg" server="www.kfz-meisterbetrieb-hoericke.de" local="-3721446178227748864" remote="-3721204831130484736" />
</dwsync>